Times Name,Matched QS Name,Score
yamaguchi university,yamaguchi university,100
universitas muhammadiyah yogyakarta,universitas muhammadiyah yogyakarta,100
university of waterloo,university of waterloo,100
university of alberta,university of alberta,100
universidade federal do rio grande do sul,universidade federal do rio grande do sul,100
korea university,korea university,100
sathyabama institute of science and technology,sathyabama institute of science and technology,100
universidad peruana de ciencias aplicadas (upc),universidad peruana de ciencias aplicadas (upc),100
tsinghua university,tsinghua university,100
universidad del desarrollo,universidad del desarrollo,100
universidad autâ¨â®noma del estado de hidalgo,universidad autâ¨â®noma del estado de hidalgo,100
universidad autâ¨â®noma de nuevo leâ¨â®n (uanl),universidad autâ¨â®noma de nuevo leâ¨â®n (uanl),100
northwestern university,northwestern university,100
tanta university,tanta university,100
suranaree university of technology,suranaree university of technology,100
the university of tokyo,the university of tokyo,100
shiv nadar university,shiv nadar university,100
university of toronto,university of toronto,100
shinshu university,shinshu university,100
mcgill university,mcgill university,100
riphah international university,riphah international university,100
city university of hong kong,city university of hong kong,100
pukyong national university,pukyong national university,100
kyoto university,kyoto university,100
ozyegin university,ozyegin university,100
national chin-yi university of technology,national chin-yi university of technology,100
peking university,peking university,100
kharkiv national university of radio electronics,kharkiv national university of radio electronics,100
jeju national university,jeju national university,100
silpakorn university,silpakorn university,100
university of otago,university of otago,100
helwan university,helwan university,100
universitas pendidikan indonesia,universitas pendidikan indonesia,100
nova southeastern university,nova southeastern university,100
chitkara university,chitkara university,100
national yang-ming university,national yang ming university,100
king mongkut's university of technology north bangkok,king mongkut's university of technology north bangkok,100
naresuan university,naresuan university,100
university of deusto,university of deusto,100
aalto university,aalto university,100
ferdowsi university of mashhad,ferdowsi university of mashhad,100
cardiff university,cardiff university,100
mcmaster university,mcmaster university,100
university of hail,university of hail,100
university of oslo,university of oslo,100
university of south africa,university of south africa,100
university of stavanger,university of stavanger,100
university of tabriz,university of tabriz,100
hebrew university of jerusalem,hebrew university of jerusalem,100
university of lausanne,university of lausanne,100
isfahan university of technology,isfahan university of technology,100
daegu gyeongbuk institute of science and technology (dgist),daegu gyeongbuk institute of science and technology (dgist),100
emory university,emory university,100
osaka metropolitan university,osaka metropolitan university,100
erasmus university rotterdam,erasmus university rotterdam,100
michigan state university,michigan state university,100
state university of malang,state university of malang,100
yogyakarta state university,yogyakarta state university,100
university of basel,university of basel,100
universiti teknikal malaysia melaka,universiti teknikal malaysia melaka,100
fudan university,fudan university,100
beni-suef university,beni-suef university,100
university of liverpool,university of liverpool,100
university of wisconsin-milwaukee,university of wisconsin milwaukee,100
duke university,duke university,100
university of rajshahi,university of rajshahi,100
carnegie mellon university,carnegie mellon university,100
university of salento,university of salento,100
prince sattam bin abdulaziz university,prince sattam bin abdulaziz university,100
boston university,boston university,100
university of copenhagen,university of copenhagen,100
university of zurich,university of zurich,100
south ural state university,south ural state university,100
saint louis university,saint louis university,100
national taiwan university (ntu),national taiwan university (ntu),100
tohoku university,tohoku university,100
hasanuddin university,hasanuddin university,100
charles sturt university,charles sturt university,100
durham university,durham university,100
yeungnam university,yeungnam university,100
tallinn university,tallinn university,100
lund university,lund university,100
taif university,taif university,100
kansas state university,kansas state university,100
university of rhode island,university of rhode island,100
university of seoul,university of seoul,100
tokyo university of agriculture and technology,tokyo university of agriculture and technology,100
oklahoma state university,oklahoma state university,100
university of ulsan,university of ulsan,100
university of namur,university of namur,100
university of birmingham,university of birmingham,100
university of pennsylvania,university of pennsylvania,100
columbia university,columbia university,100
bahauddin zakariya university,bahauddin zakariya university,100
johns hopkins university,johns hopkins university,100
university of bristol,university of bristol,100
william & mary,william & mary,100
universitas negeri yogyakarta,universitas negeri yogyakarta,100
university of edinburgh,university of edinburgh,100
universiti malaysia kelantan,universiti malaysia kelantan,100
university of miskolc,university of miskolc,100
harvard university,harvard university,100
walailak university,walailak university,100
university of west bohemia,university of west bohemia,100
universiti sultan zainal abidin,universiti sultan zainal abidin,100
university of cambridge,university of cambridge,100
universitas syiah kuala,universitas syiah kuala,100
universitas negeri padang,universitas negeri padang,100
university of oxford,university of oxford,100
rajshahi university of engineering and technology,rajshahi university of engineering and technology,100
perm state university,perm state university,100
imperial college london,imperial college london,100
nile university,nile university,100
mahasarakham university,mahasarakham university,100
lublin university of technology,lublin university of technology,100
princeton university,princeton university,100
hongik university,hongik university,100
cornell university,cornell university,100
herzen state pedagogical university of russia,herzen state pedagogical university of russia,100
yale university,yale university,100
benha university,benha university,100
aswan university,aswan university,100
â¨â®buda university,â¨â®buda university,100
shanghai normal university,shanghai normal university,100
agh university of krakow,agh university of krakow,100
glasgow caledonian university,glasgow caledonian university,100
irkutsk state university,irkutsk state university,100
hokkaido university,hokkaido university,100
university of groningen,university of groningen,100
brunel university of london,brunel university of london,100
nanjing university,nanjing university,100
university of mâ¨â¹nster,university of mâ¨â¹nster,100
southern university of science and technology (sustech),southern university of science and technology (sustech),100
nagoya university,nagoya university,100
rutgers university â¨c new brunswick,rutgers university â¨c new brunswick,100
technical university of denmark,technical university of denmark,100
universitas airlangga,universitas airlangga,100
queensland university of technology,queensland university of technology,100
aarhus university,aarhus university,100
university of barcelona,university of barcelona,100
pontificia universidad catâ¨â®lica de chile,pontificia universidad catâ¨â®lica de chile,100
the chinese university of hong kong,the chinese university of hong kong,100
universitat politâ¨â¨cnica de catalunya,universitat politâ¨â¨cnica de catalunya,100
australian national university,australian national university,100
university of mataram,university of mataram,100
university of lampung,university of lampung,100
"california state university, long beach","california state university, long beach",100
kyushu university,kyushu university,100
shahjalal university of science and technology,shahjalal university of science and technology,100
"university of maryland, college park","university of maryland, college park",100
khulna university,khulna university,100
university of southern california,university of southern california,100
chalmers university of technology,chalmers university of technology,100
ben-gurion university of the negev,ben gurion university of the negev,100
university of ulsan,university of ulsan ,100
hue university,hue university,100
university of bradford,university of bradford,100
savitribai phule pune university,savitribai phule pune university,100
universitat ramon llull,universitat ramon llull,100
kumamoto university,kumamoto university,100
syracuse university,syracuse university,100
university of johannesburg,university of johannesburg,100
indian institute of technology hyderabad,indian institute of technology hyderabad,100
samara national research university (samara university),samara national research university (samara university),100
okayama university,okayama university,100
osaka city university,osaka city university,100
aristotle university of thessaloniki,aristotle university of thessaloniki,100
national taipei university of technology,national taipei university of technology,100
jeonbuk national university,jeonbuk national university,100
university of pretoria,university of pretoria,100
hunan university,hunan university ,100
east china university of science and technology,east china university of science and technology,100
stanford university,stanford university,100
coventry university,coventry university,100
dalian university of technology,dalian university of technology,100
masaryk university,masaryk university,100
the new school,the new school,100
jawaharlal nehru university,jawaharlal nehru university,100
inha university,inha university,100
university of oregon,university of oregon,100
hallym university,hallym university ,100
altai state university,altai state university,100
universitâ¨â¤ cattolica del sacro cuore,universitâ¨â¤?cattolica del sacro cuore,100
murdoch university,murdoch university,100
jahangirnagar university,jahangirnagar university,100
lancaster university,lancaster university,100
soongsil university,soongsil university,100
leiden university,leiden university,100
university of the free state,university of the free state,100
university of tabuk,university of tabuk,100
university of york,university of york,100
universidad michoacana de san nicolâ¨â¢s de hidalgo,universidad michoacana de san nicolâ¨â¢s de hidalgo,100
chaoyang university of technology,chaoyang university of technology,100
university of aberdeen,university of aberdeen,100
azerbaijan state oil and industry university,azerbaijan state oil and industry university,100
soonchunhyang university,soonchunhyang university,100
university of exeter,university of exeter,100
hungarian university of agriculture and life sciences,hungarian university of agriculture and life sciences,100
"arab academy for science, technology and maritime transport","arab academy for science, technology and maritime transport",100
university of bath,university of bath,100
al-ahliyya amman university,al-ahliyya amman university,100
national tsing hua university,national tsing hua university,100
university of galway,university of galway,100
newcastle university,newcastle university,100
university of minnesota,university of minnesota,100
university of bergen,university of bergen,100
university of ioannina,university of ioannina,100
western washington university,western washington university,100
university of north carolina at greensboro,university of north carolina at greensboro,100
university of bern,university of bern,100
university of memphis,university of memphis,100
dartmouth college,dartmouth college,100
politecnico di milano,politecnico di milano,100
universidade do estado de santa catarina,universidade do estado de santa catarina,100
universidad de cartagena,universidad de cartagena,100
universitâ¨â¤ della svizzera italiana,universitâ¨â¤ della svizzera italiana,100
edith cowan university,edith cowan university,100
uppsala university,uppsala university,100
china agricultural university,china agricultural university,100
utrecht university,utrecht university,100
kwansei gakuin university,kwansei gakuin university,100
universiti malaysia pahang al-sultan abdullah (umpsa),universiti malaysia pahang al-sultan abdullah (umpsa),100
cyprus university of technology,cyprus university of technology,100
university of st andrews,university of st andrews,100
university of brawijaya,university of brawijaya,100
lomonosov moscow state university,lomonosov moscow state university ,100
the hong kong polytechnic university,the hong kong polytechnic university,100
beirut arab university,beirut arab university,100
university of science and technology of china,university of science and technology of china,100
"university of agriculture, faisalabad","university of agriculture, faisalabad",100
konkuk university,konkuk university,100
university of geneva,university of geneva,100
manchester metropolitan university,manchester metropolitan university,100
university of leeds,university of leeds,100
university of fribourg,university of fribourg,100
university of helsinki,university of helsinki,100
university of cyprus,university of cyprus,100
university of southampton,university of southampton,100
university of texas at dallas,university of texas at dallas,100
hacettepe university,hacettepe university,100
eindhoven university of technology,eindhoven university of technology,100
ajou university,ajou university,100
indian institute of technology indore,indian institute of technology indore,100
ain shams university,ain shams university,100
hunan university,hunan university,100
yonsei university,yonsei university,100
universidade federal de santa catarina,universidade federal de santa catarina,100
zhejiang university,zhejiang university,100
universitâ¨â¦ du quâ¨â¦bec,universitâ¨â¦ du quâ¨â¦bec,100
san diego state university,san diego state university,100
russian state university for the humanities,russian state university for the humanities ,100
rikkyo university,rikkyo university,100
pukyong national university,pukyong national university ,100
heriot-watt university,heriot-watt university,100
university of leicester,university of leicester,100
cukurova university,cukurova university,100
bournemouth university,bournemouth university,100
waseda university,waseda university,100
vrije universiteit amsterdam,vrije universiteit amsterdam,100
university of idaho,university of idaho,100
maastricht university,maastricht university,100
university of peshawar,university of peshawar,100
victoria university of wellington,victoria university of wellington,100
yarmouk university,yarmouk university,100
universitas sumatera utara,universitas sumatera utara,100
universitas sebelas maret,universitas sebelas maret,100
zhengzhou university,zhengzhou university,100
universitas muhammadiyah surakarta,universitas muhammadiyah surakarta,100
universitas andalas,universitas andalas,100
texas a&m university,texas a&m university,100
universidad san ignacio de loyola,universidad san ignacio de loyola,100
universidad nacional del litoral,universidad nacional del litoral,100
university of antwerp,university of antwerp,100
stockholm university,stockholm university,100
ceu universities,ceu universities,100
zagazig university,zagazig university,100
universitâ¨â¦ paris citâ¨â¦,universitâ¨â¦ paris citâ¨â¦,100
saint-petersburg mining university,saint-petersburg mining university,100
sheffield hallam university,sheffield hallam university,100
university of calgary,university of calgary,100
university of lisbon,university of lisbon ,100
kangwon national university,kangwon national university ,100
jeju national university,jeju national university ,100
yeshiva university,yeshiva university,100
ivan franko national university of lviv,ivan franko national university of lviv,100
charles university,charles university,100
portland state university,portland state university,100
link?ping university,link?ping university,100
university of tasmania,university of tasmania,100
universitâ¨â¦ de poitiers,universitâ¨â¦ de poitiers,100
universidade federal do cearâ¨â¢ (ufc),universidade federal do cearâ¨â¢ (ufc),100
national taiwan normal university,national taiwan normal university,100
universidade federal da bahia,universidade federal da bahia,100
university of ottawa,university of ottawa,100
universidade do estado do rio de janeiro (uerj),universidade do estado do rio de janeiro (uerj),100
bauman moscow state technical university,bauman moscow state technical university,100
university of waikato,university of waikato,100
universidad nacional agraria la molina,universidad nacional agraria la molina,100
deakin university,deakin university,100
ton duc thang university,ton duc thang university,100
tokai university,tokai university,100
ewha womans university,ewha womans university,100
telkom university,telkom university,100
tallinn university,tallinn university ,100
university of porto,university of porto,100
taibah university,taibah university,100
suez canal university,suez canal university,100
slovak university of agriculture in nitra,slovak university of agriculture in nitra,100
university of newcastle,university of newcastle,100
china university of mining and technology,china university of mining and technology,100
griffith university,griffith university,100
university of rochester,university of rochester,100
university of regina,university of regina,100
tanta university,tanta university ,100
university of arizona,university of arizona,100
university of reading,university of reading,100
georgetown university,georgetown university,100
university of warmia and mazury in olsztyn,university of warmia and mazury in olsztyn,100
huazhong agricultural university,huazhong agricultural university,100
kharkiv national university of radio electronics,kharkiv national university of radio electronics ,100
srm institute of science and technology,srm institute of science and technology,100
keio university,keio university,100
university of cape town,university of cape town,100
university of toledo,university of toledo,100
jiangnan university,jiangnan university,100
university of florida,university of florida,100
financial university under the government of the russian federation,financial university under the government of the russian federation,100
ghent university,university of ghent,100
ulm university,university ulm,100
university of newcastle,newcastle university,100
york university,university of york,100
university of tampere,tampere university,100
ulster university,university of ulster,100
university of catania,catania university,100
miami university,university of miami,100
university of lincoln,lincoln university ,100
victoria university,university of victoria,100
university of perugia,perugia university,100
jamia hamdard university,jamia hamdard,100
nanjing normal university,nanjing normal university,100
ocean university of china,ocean university of china,100
donghua university,donghua university,100
suranaree university of technology,suranaree university of technology ,100
western university,western university,100
alfaisal university,alfaisal university,100
duy tan university,duy tan university,100
beijing university of chemical technology,beijing university of chemical technology,100
vanderbilt university,vanderbilt university,100
nanjing agricultural university,nanjing agricultural university,100
national chiao tung university,national chiao tung university,100
tel aviv university,tel aviv university,100
radboud university nijmegen,radboud university nijmegen,100
case western reserve university,case western reserve university,100
university of canterbury,university of canterbury,100
toronto metropolitan university,toronto metropolitan university,100
shoolini university of biotechnology and management sciences,shoolini university of biotechnology and management sciences,100
university of alaska fairbanks,university of alaska fairbanks,100
university of notre dame,university of notre dame,100
future university in egypt,future university in egypt,100
universidad autâ¨â®noma chapingo,universidad autâ¨â®noma chapingo,100
loughborough university,loughborough university,100
university of sussex,university of sussex,100
university of primorska,university of primorska,100
the hashemite university,the hashemite university,100
university of twente,university of twente,100
tamkang university,tamkang university,100
tunghai university,tunghai university,100
university of pannonia,university of pannonia,100
university of wollongong,university of wollongong,100
universidad autâ¨â®noma de chile,universidad autâ¨â®noma de chile,100
harbin institute of technology,harbin institute of technology,100
kookmin university,kookmin university ,100
alexandria university,alexandria university,100
dankook university,dankook university,100
birmingham city university,birmingham city university,100
assiut university,assiut university,100
university of texas at austin,university of texas at austin,100
national university of life and environmental sciences of ukraine,national university of life and environmental sciences of ukraine,100
hanyang university,hanyang university,100
central michigan university,central michigan university,100
university of ostrava,university of ostrava,100
western michigan university,western michigan university,100
vsb - technical university of ostrava,vsb - technical university of ostrava,100
voronezh state university,voronezh state university,100
university of wolverhampton,university of wolverhampton,100
university of west bohemia,university of west bohemia ,100
university of the sunshine coast,university of the sunshine coast ,100
university of dundee,university of dundee,100
university of silesia in katowice,university of silesia in katowice,100
university of san francisco,university of san francisco,100
university of san diego,university of san diego,100
university of surrey,university of surrey,100
university of rhode island,university of rhode island ,100
university of pardubice,university of pardubice,100
university of turku,university of turku,100
al-farabi kazakh national university,al-farabi kazakh national university,100
university of north carolina at charlotte,university of north carolina at charlotte,100
university of mumbai,university of mumbai,100
university of indonesia,university of indonesia,100
university of miskolc,university of miskolc ,100
university of karachi,university of karachi,100
university of glasgow,university of glasgow,100
gebze technical university,gebze technical university,100
dalhousie university,dalhousie university,100
hallym university,hallym university,100
"vietnam national university, hanoi","vietnam national university, hanoi",100
rice university,rice university,100
university of messina,university of messina,100
pohang university of science and technology (postech),pohang university of science and technology (postech),100
university of illinois at urbana-champaign,university of illinois at urbana-champaign,100
university of lahore,university of lahore,100
al-azhar university,al azhar university,100
the university of sydney,the university of sydney,100
university of british columbia,university of british columbia,100
university of isfahan,university of isfahan,100
brown university,brown university,100
universidade federal do paranâ¨â¢ (ufpr),universidade federal do paranâ¨â¢ (ufpr),100
delft university of technology,delft university of technology,100
universidad peruana cayetano heredia,universidad peruana cayetano heredia,100
university of wisconsin-madison,university of wisconsin-madison,100
tokyo institute of technology,tokyo institute of technology,100
siberian federal university,siberian federal university,100
rhodes university,rhodes university,100
poznan university of technology,poznan university of technology,100
university of amsterdam,university of amsterdam,100
lobachevsky state university of nizhni novgorod,lobachevsky state university of nizhni novgorod,100
monash university,monash university,100
kookmin university,kookmin university,100
kangwon national university,kangwon national university,100
university of washington,university of washington,100
shanghai jiao tong university,shanghai jiao tong university,100
osaka university,osaka university,100
university of strathclyde,university of strathclyde,100
university of international business and economics,university of international business and economics,100
kuwait university,kuwait university,100
german university in cairo,german university in cairo,100
norwegian university of science and technology,norwegian university of science and technology,100
bahauddin zakariya university,bahauddin zakariya university ,100
aoyama gakuin university,aoyama gakuin university,100
curtin university,curtin university,100
universiti malaysia terengganu (umt),universiti malaysia terengganu (umt),100
universiti malaysia sarawak (unimas),universiti malaysia sarawak (unimas),100
universiti malaysia sabah (ums),universiti malaysia sabah (ums),100
panjab university,panjab university,100
osmania university,osmania university,100
university of tartu,university of tartu,100
north-west university,north-west university,100
northern arizona university,northern arizona university,100
massey university,massey university,100
north south university,north south university,100
national taiwan ocean university,national taiwan ocean university,100
tongji university,tongji university,100
national dong hwa university,national dong hwa university,100
mutah university,mutah university,100
mississippi state university,mississippi state university,100
lincoln university,lincoln university ,100
sun yat-sen university,sun yat-sen university,100
miami university,miami university,100
meiji university,meiji university,100
hiroshima university,hiroshima university,100
marquette university,marquette university,100
leeds beckett university,leeds beckett university,100
tomsk state university,tomsk state university,100
kyung hee university,kyung hee university,100
hanoi university of science and technology,hanoi university of science and technology,100
wuhan university,wuhan university,100
beijing normal university,beijing normal university ,100
university of derby,university of derby,100
university of calabria,university of calabria,100
"university of agriculture, faisalabad","university of agriculture, faisalabad ",100
university of gothenburg,university of gothenburg,100
yuan ze university,yuan ze university,100
north carolina state university,north carolina state university,100
don state technical university, don state technical university,100
al-balqa applied university,al-balqa applied university,100
"soochow university, taiwan",soochow university (taiwan),100
shibaura institute of technology,shibaura institute of technology,100
macquarie university,macquarie university,100
saint petersburg state university,saint-petersburg state university,100
tufts university,tufts university,100
chulalongkorn university,chulalongkorn university,100
simon fraser university,simon fraser university,100
rmit university,rmit university,100
sakarya university,sakarya university,100
pontifâ¨âªcia universidade catâ¨â®lica do paranâ¨â¢,pontifâ¨âªcia universidade catâ¨â®lica do paranâ¨â¢,100
national taipei university,national taipei university,100
novosibirsk state university,novosibirsk state university,100
mirea - russian technological university,mirea - russian technological university,100
university of tsukuba,university of tsukuba,100
marmara university,marmara university,100
mansoura university,mansoura university,100
university of miami,university of miami,100
hongik university,hongik university ,100
helwan university,helwan university ,100
northwestern polytechnical university,northwestern polytechnical university,100
university of rajshahi,rajshahi university,100
university of hull,university of hull,100
university of wisconsin-milwaukee,university of wisconsin milwaukee ,100
university of tyumen,university of tyumen,100
university of the west of england,university of the west of england,100
university of the punjab,university of the punjab,100
aalborg university,aalborg university,100
university of seoul,university of seoul ,100
university of santo tomas,university of santo tomas,100
tampere university of technology,tampere university of technology ,100
beijing jiaotong university,beijing jiaotong university,100
alexandria university,alexandria university ,100
stony brook university,stony brook university,100
kobe university,kobe university,100
fu jen catholic university,fu jen catholic university,100
feng chia university,feng chia university,100
mahidol university,mahidol university,100
l.n. gumilyov eurasian national university,l.n. gumilyov eurasian national university ,100
ume? university,ume? university,100
ege university,ege university,100
doshisha university,doshisha university,100
boston college,boston college,100
gwangju institute of science and technology (gist),gwangju institute of science and technology (gist),100
diponegoro university,diponegoro university,100
comsats university islamabad,comsats university islamabad,100
chungbuk national university,chungbuk national university,100
nankai university,nankai university,100
chung yuan christian university,chung yuan christian university,100
canterbury christ church university,canterbury christ church university,100
brac university,brac university,100
university of kent,university of kent,100
aston university,aston university,100
"birla institute of technology and science, pilani","birla institute of technology and science, pilani",100
university of ?ilina,university of ?ilina,100
northwest university (china),northwest university (china),100
keele university,keele university ,100
university of guelph,university of guelph,100
jinan university (china),jinan university (china),100
jamia millia islamia,jamia millia islamia,100
ural federal university,ural federal university,100
robert gordon university,robert gordon university,100
florida state university,florida state university,100
concordia university,concordia university,100
al-azhar university,al-azhar university,100
george washington university,george washington university,100
yokohama national university,yokohama national university,100
university of essex,university of essex,100
yeungnam university,yeungnam university ,100
yamaguchi university,yamaguchi university ,100
tilburg university,tilburg university,100
university of jyv?skyl?,university of jyv?skyl?,100
la trobe university,la trobe university,100
oxford brookes university,oxford brookes university,100
stellenbosch university,stellenbosch university,100
rensselaer polytechnic institute,rensselaer polytechnic institute,100
wuhan university of technology,wuhan university of technology,100
west virginia university,west virginia university,100
university of the philippines,university of the philippines,100
vytautas magnus university,vytautas magnus university,100
"vietnam national university, hanoi","vietnam national university, hanoi ",100
verona university,verona university,100
birmingham city university,birmingham city university ,100
benemâ¨â¦rita universidad autâ¨â®noma de puebla,benemâ¨â¦rita universidad autâ¨â®noma de puebla,100
princess nourah bint abdulrahman university,princess nourah bint abdulrahman university,100
tu dortmund university,tu dortmund university,100
the university of alabama,the university of alabama,100
technological university dublin,technological university dublin,100
university of connecticut,university of connecticut,100
university of delaware,university of delaware,100
szâ¨â¦chenyi istvâ¨â¢n university,szâ¨â¦chenyi istvâ¨â¢n university,100
university of iowa,university of iowa,100
sophia university,sophia university ,100
slovak university of technology in bratislava,slovak university of technology in bratislava,100
silesian university of technology,silesian university of technology,100
bond university,bond university,100
shinshu university,shinshu university ,100
washington state university,washington state university,100
vilnius university,vilnius university ,100
university of salerno,university of salerno,100
v.n. karazin kharkiv national university,v.n. karazin kharkiv national university,100
tomsk polytechnic university,tomsk polytechnic university,100
university of patras,university of patras,100
university of kansas,university of kansas,100
university of parma,university of parma,100
national sun yat-sen university,national sun yat-sen university,100
university of palermo,university of palermo,100
united arab emirates university,united arab emirates university,100
university of murcia,university of murcia,100
national central university,national central university,100
university of maribor,university of maribor,100
university of lodz,university of lodz,100
university of utah,university of utah,100
tokyo university of science,tokyo university of science,100
swinburne university of technology,swinburne university of technology,100
baylor university,baylor university,100
shanghai university,shanghai university,100
banaras hindu university,banaras hindu university,100
baku state university,baku state university,100
university of victoria,university of victoria,100
athens university of economics and business,athens university of economics and business,100
assiut university,assiut university ,100
qatar university,qatar university,100
amrita vishwa vidyapeetham,amrita vishwa vidyapeetham,100
amity university,amity university,100
aligarh muslim university,aligarh muslim university,100
university of salford,university of salford,100
university of southern denmark,university of southern denmark,100
russian presidential academy of national economy and public administration,russian presidential academy of national economy and public administration,100
universiti tunku abdul rahman (utar),universiti tunku abdul rahman (utar),100
american university of sharjah,american university of sharjah,100
arabian gulf university,arabian gulf university,100
universiti malaysia perlis,universiti malaysia perlis,100
brandeis university,brandeis university,100
taras shevchenko national university of kyiv,taras shevchenko national university of kyiv,100
university of oulu,university of oulu,100
universitas padjadjaran,universitas padjadjaran,100
university of warsaw,university of warsaw ,100
universidade federal de santa catarina,universidade federal de santa catarina ,100
universidad nacional mayor de san marcos,universidad nacional mayor de san marcos,100
wake forest university,wake forest university,100
bilkent university,bilkent university,100
universidad del valle,universidad del valle,100
hitotsubashi university,hitotsubashi university,100
pusan national university,pusan national university,100
ritsumeikan university,ritsumeikan university,100
university of kwazulu-natal,university of kwazulu-natal,100
iowa state university,iowa state university,100
kasetsart university,kasetsart university,100
khalifa university,khalifa university,100
kaunas university of technology,kaunas university of technology,100
kazan national research technological university,kazan national research technological university,100
rhodes university,rhodes university ,100
qassim university,qassim university,100
prince of songkla university,prince of songkla university,100
ko? university,ko? university ,100
pondicherry university,pondicherry university,100
oklahoma state university,oklahoma state university ,100
novosibirsk state technical university,novosibirsk state technical university,100
swansea university,swansea university,100
national chung cheng university,national chung cheng university,100
nanjing university of aeronautics and astronautics,nanjing university of aeronautics and astronautics,100
xiamen university,xiamen university,100
mendeleev university of chemical technology,mendeleev university of chemical technology,100
mendel university in brno,mendel university in brno,100
auckland university of technology,auckland university of technology ,100
lviv polytechnic national university,lviv polytechnic national university,100
louisiana state university,louisiana state university,100
bangor university,bangor university,100
london south bank university,london south bank university,100
london metropolitan university,london metropolitan university,100
kazan federal university,kazan federal university,100
lodz university of technology,lodz university of technology,100
oregon state university,oregon state university,100
liverpool john moores university,liverpool john moores university,100
bangladesh university of engineering and technology,bangladesh university of engineering and technology,100
beirut arab university,beirut arab university ,100
sogang university,sogang university,100
bielefeld university,bielefeld university,100
kansas state university,kansas state university ,100
sultan qaboos university,sultan qaboos university,100
tulane university,tulane university,100
istanbul university,istanbul university,100
islamic university of madinah,islamic university of madinah,100
university of eastern finland,university of eastern finland,100
university of saskatchewan,university of saskatchewan,100
university of stirling,university of stirling,100
harbin engineering university,harbin engineering university,100
hacettepe university,hacettepe university ,100
george mason university,george mason university,100
jagiellonian university,jagiellonian university,100
gdaâ¨â½sk university of technology,gdaâ¨â½sk university of technology,100
kyungpook national university,kyungpook national university,100
fordham university,fordham university ,100
edinburgh napier university,edinburgh napier university,100
bandung institute of technology (itb),bandung institute of technology (itb),100
de montfort university,de montfort university,100
wayne state university,wayne state university,100
de la salle university,de la salle university,100
cy cergy paris university,cy cergy paris university,100
american university,american university,100
corvinus university of budapest,corvinus university of budapest,100
clemson university,clemson university,100
charles sturt university,charles sturt university ,100
budapest university of technology and economics,budapest university of technology and economics,100
huazhong university of science and technology,huazhong university of science and technology,100
kyoto institute of technology,kyoto institute of technology,100
king faisal university,king faisal university,100
jilin university,jilin university,100
osaka prefecture university,osaka prefecture university ,100
jouf university,jouf university,100
universiti teknologi brunei,universiti teknologi brunei,100
istanbul technical university,istanbul technical university,100
university of macau,university of macau,100
chungnam national university,chungnam national university,100
georgia state university,georgia state university,100
anna university,anna university,100
instituto politâ¨â¦cnico nacional (ipn),instituto politâ¨â¦cnico nacional (ipn),100
middle east technical university,middle east technical university,100
ain shams university,ain shams university ,100
sharif university of technology,sharif university of technology,100
tianjin university,tianjin university,100
"adam mickiewicz university, poznaâ¨â½","adam mickiewicz university, poznaâ¨â½",100
aberystwyth university,aberystwyth university,100
cairo university,cairo university,100
university of greenwich,university of greenwich,100
university of denver,university of denver,100
chang gung university,chang gung university,100
university of central florida,university of central florida,100
university of brescia,university of brescia,100
universitâ¨â¦ de sherbrooke,universitâ¨â¦ de sherbrooke,100
universidade federal do rio grande do sul,universidade federal do rio grande do sul ,100
university of delhi,university of delhi,100
southern cross university,southern cross university ,100
shiraz university,shiraz university,100
"university of maryland, baltimore county","university of maryland, baltimore county",100
czech technical university in prague,czech technical university in prague,100
lebanese university,lebanese university,100
prince mohammad bin fahd university,prince mohammad bin fahd university,100
york university,york university,100
chung-ang university,chung-ang university,100
khon kaen university,khon kaen university,100
beijing institute of technology,beijing institute of technology,100
australian catholic university,australian catholic university,100
auburn university,auburn university,100
king khalid university,king khalid university,100
dankook university,dankook university ,100
sorbonne university,sorbonne university,100
lomonosov moscow state university,lomonosov moscow state university,100
chonnam national university,chonnam national university,100
scuola normale superiore di pisa,scuola normale superiore di pisa,100
american university of the middle east,american university of the middle east,100
beijing normal university,beijing normal university,100
university of windsor,university of windsor,100
university of westminster,university of westminster,100
university of the basque country,university of the basque country,100
lincoln university,lincoln university,100
university of southern queensland,university of southern queensland ,100
university of modena and reggio emilia,university of modena and reggio emilia,100
university of lisbon,university of lisbon,100
university of houston,university of houston,100
university of haifa,university of haifa,100
tampere university of technology,tampere university of technology,100
ufa state aviation technical university,ufa state aviation technical university ,100
l.n. gumilyov eurasian national university,l.n. gumilyov eurasian national university,100
university of warsaw,university of warsaw,100
tokyo metropolitan university,tokyo metropolitan university,100
sumy state university,sumy state university,100
university of lincoln,university of lincoln,100
university of the witwatersrand,university of the witwatersrand,100
american university in cairo,american university in cairo,100
pavol jozef ?afâ¨â¢rik university in ko?ice,pavol jozef ?afâ¨â¢rik university in ko?ice,100
university of siena,university of siena,100
university of manitoba,university of manitoba,100
western sydney university,western sydney university,100
university of science and technology beijing,university of science and technology beijing,100
university of hohenheim,university of hohenheim,100
university of genoa,university of genoa,100
drexel university,drexel university,100
university of aveiro,university of aveiro,100
tokyo university of agriculture and technology,tokyo university of agriculture and technology ,100
east china normal university,east china normal university,100
shenzhen university,shenzhen university,100
sejong university,sejong university ,100
lehigh university,lehigh university,100
itmo university,itmo university,100
university of south australia,university of south australia,100
palacky university olomouc,palacky university olomouc,100
leibniz university hannover,leibniz university hannover,100
konkuk university,konkuk university ,100
kanazawa university,kanazawa university,100
gifu university,gifu university,100
university of south florida,university of south florida,100
china agricultural university,china agricultural university ,100
chiang mai university,chiang mai university,100
university of vermont,university of vermont,100
edith cowan university,edith cowan university ,100
beihang university,beihang university,100
university of debrecen,university of debrecen,100
free university of bozen-bolzano,free university of bozen-bolzano,100
amirkabir university of technology,amirkabir university of technology,100
victoria university,victoria university ,100
chongqing university,chongqing university,100
university of oklahoma,university of oklahoma,100
university college cork,university college cork,100
university of cologne,university of cologne,100
graz university of technology,graz university of technology,100
technical university of darmstadt,technical university of darmstadt,100
national taiwan university of science and technology (taiwan tech),national taiwan university of science and technology (taiwan tech),100
hong kong baptist university,hong kong baptist university,100
university of navarra,university of navarra,100
sciences po,sciences po,100
national cheng kung university (ncku),national cheng kung university (ncku),100
university of colorado boulder,university of colorado boulder,100
saint petersburg state university,saint petersburg state university,100
"university of california, irvine","university of california, irvine",100
complutense university of madrid,complutense university of madrid,100
university of g?ttingen,university of g?ttingen,100
universiti teknologi malaysia,universiti teknologi malaysia,100
indian institute of science,indian institute of science,100
"city, university of london","city, university of london",100
university college dublin,university college dublin,100
"university of chemistry and technology, prague","university of chemistry and technology, prague",100
sapienza university of rome,sapienza university of rome,100
tampere university,tampere university,100
tecnolâ¨â®gico de monterrey,tecnolâ¨â®gico de monterrey,100
soas university of london,soas university of london ,100
university of plymouth,university of plymouth,100
brno university of technology,brno university of technology,100
e?tv?s lorâ¨â¢nd university,e?tv?s lorâ¨â¢nd university,100
comenius university in bratislava,comenius university in bratislava,100
bo?azi?i university,bo?azi?i university,100
ko? university,ko? university,100
beijing university of technology,beijing university of technology,100
university of mons,university of mons,100
central queensland university,central queensland university,100
clarkson university,clarkson university,100
southern federal university,southern federal university,100
national research saratov state university,national research saratov state university,100
keele university,keele university,100
university of hertfordshire,university of hertfordshire,100
ajou university,ajou university ,100
lebanese american university,lebanese american university,100
national chengchi university,national chengchi university,100
university of bayreuth,university of bayreuth,100
central south university,central south university,100
sichuan university,sichuan university,100
warsaw university of technology,warsaw university of technology,100
university of limerick,university of limerick,100
tallinn university of technology,tallinn university of technology,100
satbayev university,satbayev university,100
aix-marseille university,aix-marseille university,100
western sydney university, western sydney university,100
thammasat university,thammasat university,100
university of granada,university of granada,100
justus liebig university giessen,justus-liebig-university giessen,100
university of turin,university of turin,100
the catholic university of korea,the catholic university of korea ,100
university of canberra,university of canberra,100
bar-ilan university,bar-ilan university,100
hasselt university,hasselt university ,100
colorado school of mines,colorado school of mines,100
iran university of science and technology,iran university of science and technology,100
niigata university,niigata university,100
al ain university,al ain university,100
umm al-qura university,umm al-qura university ,100
the catholic university of korea,the catholic university of korea,100
ajman university,ajman university,100
yokohama city university,yokohama city university,100
clark university,clark university,100
abu dhabi university,abu dhabi university,100
zayed university,zayed university,100
auckland university of technology,auckland university of technology,100
university of trieste,university of trieste,100
university of salamanca,university of salamanca,100
chiba university,chiba university,100
university of mons,university of mons ,100
university of crete,university of crete,100
universidade federal de s?o paulo (unifesp),universidade federal de s?o paulo (unifesp),100
university of szeged,university of szeged,100
tokushima university,tokushima university,100
sechenov university,sechenov university,100
national university of science and technology (misis),"national university of science and technology ""misis""",100
national chung hsing university,national chung hsing university,100
flinders university,flinders university,100
macau university of science and technology,macau university of science and technology,100
kagoshima university,kagoshima university,100
jadavpur university,jadavpur university,100
immanuel kant baltic federal university,immanuel kant baltic federal university,100
vilnius university,vilnius university,100
howard university,howard university,100
university of ljubljana,university of ljubljana,100
far eastern federal university,far eastern federal university,100
king saud university,king saud university,100
nagasaki university,nagasaki university,100
university of milan,university of milan,100
"university of california, santa cruz","university of california, santa cruz",100
kent state university,kent state university,100
university of trento,university of trento,100
sophia university,sophia university,100
university of pisa,university of pisa,100
brunel university london,brunel university london,100
university of southern queensland,university of southern queensland,100
florida international university,florida international university,100
tokyo medical and dental university (tmdu),tokyo medical and dental university (tmdu),100
fordham university,fordham university,100
nottingham trent university,nottingham trent university,100
plekhanov russian university of economics,plekhanov russian university of economics,100
saitama university,saitama university,100
soas university of london,soas university of london,100
"birkbeck, university of london","birkbeck, university of london",100
victoria university,victoria university,100
hasselt university,hasselt university,100
universitâ¨â¦ grenoble alpes,universitâ¨â¦ grenoble alpes,100
university of wyoming,university of wyoming,100
university of portsmouth,university of portsmouth,100
university of dundee, university of dundee,100
hse university,hse university,100
national yang ming chiao tung university,national yang ming chiao tung university,100
sciences po,sciences po ,100
maastricht university,maastricht university ,100
virginia commonwealth university,virginia commonwealth university,100
worcester polytechnic institute,worcester polytechnic institute,100
ulsan national institute of science and technology (unist),ulsan national institute of science and technology (unist),100
german jordanian university,german jordanian university,100
university of huddersfield,university of huddersfield,100
charles darwin university,charles darwin university,100
universiti tenaga nasional (uniten),universiti tenaga nasional (uniten),100
indian institute of technology bhubaneswar,indian institute of technology bhubaneswar,100
university of alicante,university of alicante,100
university of brighton,university of brighton,100
xiâ¡â¯an jiaotong university,xiâ¡â¯an jiaotong university,100
university of coimbra,university of coimbra,100
universitas gadjah mada,universitas gadjah mada,100
university of calcutta,university of calcutta,100
peter the great st petersburg polytechnic university,peter the great st.petersburg polytechnic university,100
national technical university of athens,national technical university of athens,100
university of dhaka,university of dhaka,100
university of east london,university of east london,100
taipei medical university,taipei medical university,100
"goldsmiths, university of london","goldsmiths, university of london",100
university of engineering & technology (uet) lahore,university of engineering & technology (uet) lahore,100
charles darwin university,charles darwin university ,100
rudn university,rudn university,100
quaid-i-azam university,quaid-i-azam university,100
"university of california, riverside","university of california, riverside",100
ben-gurion university of the negev,ben-gurion university of the negev,100
gunma university,gunma university,100
dublin city university,dublin city university,100
maynooth university,maynooth university,100
missouri university of science and technology,missouri university of science and technology,100
university of florence,university of florence,100
texas tech university,texas tech university,100
university of bordeaux,university of bordeaux,100
universitâ¨â¦ laval,universitâ¨â¦ laval,100
ateneo de manila university,ateneo de manila university,100
university of electronic science and technology of china,university of electronic science and technology of china,100
jordan university of science and technology,jordan university of science and technology,100
kth royal institute of technology,kth royal institute of technology,100
ku leuven,ku leuven,100
georgia institute of technology,georgia institute of technology,100
technical university of munich,technical university of munich,100
the university of queensland,the university of queensland,100
seoul national university,seoul national university,100
ulster university,ulster university,100
illinois institute of technology,illinois institute of technology,100
the hong kong university of science and technology,the hong kong university of science and technology,100
universidad panamericana (up),universidad panamericana (up),100
university of michigan-ann arbor,university of michigan-ann arbor,100
university of kentucky,university of kentucky,100
ucl,ucl,100
university of klagenfurt,university of klagenfurt,100
university of the western cape,university of the western cape,100
university of the sunshine coast,university of the sunshine coast,100
university of vienna,university of vienna,100
belarusian state university,belarusian state university,100
rwth aachen university,rwth aachen university,100
ghent university,ghent university,100
rovira i virgili university,rovira i virgili university,100
sunway university,sunway university,100
carleton university,carleton university,100
universiti teknologi malaysia,universiti teknologi malaysia ,100
technical university of liberec,technical university of liberec,100
middlesex university,middlesex university,100
university of tehran,university of tehran,100
university of central lancashire,university of central lancashire,100
the university of western australia,the university of western australia,100
university of nottingham,university of nottingham,100
university of sharjah,university of sharjah,100
memorial university of newfoundland,memorial university of newfoundland,100
erasmus university rotterdam,erasmus university rotterdam ,100
sejong university,sejong university,100
â¨â¦cole normale supâ¨â¦rieure de lyon,â¨â¦cole normale supâ¨â¦rieure de lyon,100
universitâ¨â¦ de montrâ¨â¦al,universitâ¨â¦ de montrâ¨â¦al ,100
stevens institute of technology,stevens institute of technology,100
temple university,temple university,100
kth royal institute of technology,kth royal institute of technology ,100
institut polytechnique de paris,institut polytechnique de paris,100
southeast university,southeast university,100
university of minho,university of minho,100
umm al-qura university,umm al-qura university,100
"university of california, davis","university of california, davis",100
lappeenranta-lahti university of technology lut,lappeenranta-lahti university of technology lut,100
james cook university,james cook university,100
southern cross university,southern cross university,100
virginia polytechnic institute and state university,virginia polytechnic institute and state university,100
university of canberra,university of canberra ,100
centralesupâ¨â¦lec,centralesupâ¨â¦lec,100
university of technology sydney,university of technology sydney,100
universitâ¨â¦ de montrâ¨â¦al,universitâ¨â¦ de montrâ¨â¦al,100
universitâ¨â¦ paris-saclay,universitâ¨â¦ paris-saclay,100
shandong university,shandong university,100
wageningen university & research,wageningen university & research,100
queen mary university of london,queen mary university of london,100
south china university of technology,south china university of technology,100
national and kapodistrian university of athens,national and kapodistrian university of athens,100
national university of science and technology (misis),national university of science and technology misis,99
the university of notre dame australia,"the university of notre dame, australia",99
"california state university, long beach",california state university long beach,99
universidad industrial de santander (uis),universidad industrial de santander - uis,99
universidade federal de s?o paulo (unifesp),universidade federal de sã£o paulo (unifesp),99
universidade federal do paranâ¨â¢ (ufpr),universidade federal do paranâ¨â¢ - ufpr,99
"royal holloway, university of london",royal holloway university of london,99
peter the great st petersburg polytechnic university,peter the great st. petersburg polytechnic university,99
government college university faisalabad,"government college university, faisalabad",99
washington university in st louis,washington university in st. louis,99
odesa i.i. mechnikov national university,odessa i.i. mechnikov national university,99
the university of tennessee-knoxville,"the university of tennessee, knoxville",99
v.n. karazin kharkiv national university,v. n. karazin kharkiv national university,99
"national institute of technology, tiruchirappalli",national institute of technology tiruchirappalli,99
universidad andrâ¨â¦s bello (unab),universidad andrâ¨â¦s bello - unab,99
national technical university kharkiv polytechnic institute,"national technical university ""kharkiv polytechnic institute""",99
universitâ¨â¤ cattolica del sacro cuore,universitâ¨â¤? cattolica del sacro cuore,99
kth royal institute of technology,"kth, royal institute of technology",99
?bo akademi university,abo akademi university,98
university of milan-bicocca,university of milano-bicocca,98
national technical university kharkiv polytechnic institute,"national technical university  ""kharkiv polytechnic institute""",98
university of milan-bicocca,university of milano-bicocca ,98
university of north carolina at chapel hill,"university of north carolina, chapel hill",98
northern border university,northern borders university,98
link?ping university,linkã¶ping university,98
national technical university of ukraine â¨c igor sikorsky kyiv polytechnic institute,"national technical university of ukraine ""igor sikorsky kyiv polytechnic institute""",98
"asia university, taiwan",asia university taiwan,98
odesa i.i. mechnikov national university,odessa i.i.mechnikov national university,98
northwest university,north-west university,98
universitâ¨â¦ c?te d'azur,universitâ¨â¦ c?te d\'azur,98
king mongkutâ¡â¯s institute of technology ladkrabang,king mongkut\'s institute of technology ladkrabang,98
sungkyunkwan university (skku),sungkyunkwan university(skku),98
technion israel institute of technology,technion - israel institute of technology,98
rutgers university â¨c new brunswick,rutgers universityâ¨cnew brunswick,97
university of hai'l,university of hail,97
king mongkutâ¡â¯s institute of technology ladkrabang,king mongkut's institute of technology ladkrabang,97
university of nebraska-lincoln,university of nebraska - lincoln,97
ume? university,ume?university,97
king mongkutâ¡â¯s university of technology thonburi,king mongkut's university of technology thonburi,97
university of naples federico ii,university of naples - federico ii,97
king mongkutâ¡â¯s university of technology thonburi,king mongkut's university of technology thonburi ,97
technical university of ko?ice,technical university of kosice,97
university of hail,university of ha'il,97
university of alabama at birmingham,"university of alabama, birmingham",97
russian presidential academy of national economy and public administration,the russian presidential academy of national economy and public administration,97
pontificia universidad catâ¨â®lica de chile,pontificia universidad cat?lica de chile,96
caâ¡â¯ foscari university of venice,ca' foscari university of venice ,96
istanbul ayd?n university,istanbul aydin university  ,96
universitâ¨â¤ cattolica del sacro cuore,universit? cattolica del sacro cuore,96
university of nice sophia antipolis,universit? nice sophia-antipolis,96
university of south carolina-columbia,university of south carolina at columbia,96
king fahd university of petroleum and minerals,king fahd university of petroleum & minerals,96
universitat politâ¨â¨cnica de catalunya,universitat polit?cnica de catalunya ,96
universidad autâ¨â®noma chapingo,universidad autâ¨â®noma de chapingo,96
st petersburg electrotechnical university (leti),saint-petersburg electrotechnical university leti,96
istanbul ayd?n university,istanbul aydin university,96
xiâ¡â¯an jiaotong-liverpool university,xi'an jiaotong-liverpool university,96
chittagong university of engineering & technology,chittagong university of engineering and technology,96
university of hawaiâ¡â¯i at mâ¨â¡noa,university of hawai?i at mâ¨â¡noa,96
caâ¡â¯ foscari university of venice,ca' foscari university of venice,96
thapar institute of engineering and technology,thapar institute of engineering & technology,96
herzen state pedagogical university of russia,the herzen state pedagogical university of russia,96
â¨â¦cole polytechnique fâ¨â¦dâ¨â¦rale de lausanne,?cole polytechnique fâ¨â¦dâ¨â¦rale de lausanne,96
kazan national research technical university,kazan national research technological university,96
universitâ¨â¦ saint-joseph de beyrouth,universit? saint-joseph de beyrouth,96
universitat politâ¨â¨cnica de catalunya,universitat polit?cnica de catalunya,96
ko? university,ko?university,96
pontificia universidad catâ¨â®lica de chile,pontificia universidad catâ¨â®lica de chile (uc),96
xiâ¡â¯an jiaotong-liverpool university,xi'an jiaotong liverpool university,96
university of texas at arlington,university of texas arlington,95
university of ?ilina,university of zilina,95
university of wroc?aw,university of wroclaw,95
johannes gutenberg university of mainz,johannes gutenberg universit?t mainz,95
university of arkansas,university of kansas,95
london school of economics and political science,london school of economics and political science (lse),95
universitat politâ¨â¨cnica de catalunya,universitat politã¨cnica de catalunya,95
national university of science and technology (misis),the national university of science and technology misis,95
hungarian university of agriculture and life sciences,mate hungarian university of agriculture and life sciences,95
universidad autâ¨â®noma del estado de mexico (uaemex),universidad autâ¨â®noma del estado de mâ¨â¦xico (uaemex),95
university of salerno,university of salento,95
johannes kepler university of linz,johannes kepler university linz,95
university of hai'l,university of ha'il,95
jordan university of science and technology,jordan university of science & technology,95
university of texas at dallas,university of texas dallas ,95
university of texas at dallas,university of texas dallas,95
"nanyang technological university, singapore","nanyang technological university, singapore (ntu)",95
comenius university in bratislava,comenius university bratislava,95
university of salento,university of salerno,95
university of texas at el paso,university of texas el paso,95
kanagawa university,kanazawa university,95
universitâ¨â¦ paris citâ¨â¦,universitâ¨â¦ de paris-citâ¨â¦,95
university of colorado boulder,university of colorado at boulder,95
queenâ¡â¯s university belfast,queen's university belfast,95
universitâ¨â¤ cattolica del sacro cuore,universit?cattolica del sacro cuore,95
university of missouri-st louis,university of missouri saint louis,95
technological university dublin,technological university of dublin,95
leibniz university hannover,leibniz universit?t hannover,95
university of texas at el paso,university of texas el paso ,95
the university of texas at san antonio,university of texas at san antonio,94
massachusetts institute of technology,massachusetts institute of technology (mit) ,94
universitat autâ¨â°noma de barcelona (uab),universitat autâ¨â®noma de barcelona,94
sabanc? university,sabanci university,94
hong kong polytechnic university,the hong kong polytechnic university,94
universitâ¨â¦ saint-joseph de beyrouth,universit?saint-joseph de beyrouth,94
massachusetts institute of technology,massachusetts institute of technology (mit),94
universitâ¨â¦ de sherbrooke,universit? de sherbrooke,94
l.n. gumilyov eurasian national university,l.n. gumilyov eurasian national university (enu),94
universidad autâ¨â®noma del estado de hidalgo,universidad autâ¨â®noma del estado de hidalgo (uaeh),94
universidad autâ¨â®noma de querâ¨â¦taro,universidad autâ¨â®noma de querâ¨â¦taro (uaq),94
universitâ¨â¦ c?te d'azur,universitâ¨â¦ c?te dâ¡â¯azur,94
university of texas at arlington,the university of texas at arlington,94
"st georgeâ¡â¯s, university of london","city st georgeâ¡â¯s, university of london",94
norwegian university of life sciences,norwegian university of life sciences (umb),94
universitâ¨â¦ de bretagne occidentale,universitâ¨â¦ de bretagne occidentale (ubo),94
australian national university,the australian national university,94
paris lodron universit?t salzburg,paris lodron university of salzburg,94
brunel university london,brunel university of london,94
universidad catâ¨â®lica de la santâ¨âªsima concepciâ¨â®n,universidad catâ¨â®lica de la santâ¨âªsima concepciâ¨â®n - ucsc,94
shanghai university of finance and economics (sufe),shanghai university of finance and economics,94
universidade federal do paranâ¨â¢ (ufpr),universidade federal do parâ¨â¤ - ufpa,94
manav rachna international institute of research and studies,manav rachna international institute of research and studies (mriirs),94
chinese university of hong kong,the chinese university of hong kong,94
sel?uk university,selcuk university,94
khulna university of engineering and technology (kuet),khulna university of engineering and technology,94
brunel university of london,brunel university london,94
hebrew university of jerusalem,the hebrew university of jerusalem,94
universidad autâ¨â®noma del estado de morelos,universidad autâ¨â®noma del estado de morelos (uaem),94
st petersburg electrotechnical university (leti),saint petersburg electrotechnical university etu-leti,94
universitat autâ¨â°noma de barcelona (uab),universitat autâ¨â°noma de barcelona,94
â¨â¦cole normale supâ¨â¦rieure de lyon,?cole normale supâ¨â¦rieure de lyon,94
universidad peruana de ciencias aplicadas (upc),universidad peruana de ciencias aplicadas,94
universidad industrial de santander (uis),universidad industrial de santander,93
national university of singapore,national university of singapore (nus),93
university of c?te dâ¡â¯azur,university of cã´te d'azur,93
universitas muhammadiyah yogyakarta,universitas muhammadiyah yogyakarta (umy),93
lahore university of management sciences,lahore university of management sciences (lums),93
"university of california, berkeley","university of california, berkeley (ucb)",93
northwest university,northwestern university,93
universidad pontificia bolivariana (upb),universidad pontificia bolivariana ,93
queensland university of technology,queensland university of technology (qut),93
universidad pontificia bolivariana (upb),universidad pontificia bolivariana,93
university of the witwatersrand,university of witwatersrand,93
the hong kong university of science and technology,the hong kong university of science and technology (hkust),93
leibniz university hannover,leibniz universitã¤t hannover,93
university of new brunswick unb,university of new brunswick,93
y?ld?z technical university,yildiz technical university,93
saveetha institute of medical and technical sciences,saveetha institute of medical and technical sciences (simats),93
karlsruhe institute of technology,"kit, karlsruhe institute of technology",93
keio university,ko?university,93
ume? university,umea university,93
auckland university of technology,auckland university of technology (aut),93
university of hawaiâ¡â¯i at mâ¨â¡noa,university of hawaii at m?ânoa,93
"university of california, riverside","university of california, riverside (ucr)",93
institut teknologi sepuluh nopember,institut teknologi sepuluh nopember (its),93
"international islamic university, islamabad",international islamic university islamabad (iiu),93
university of technology sydney,university of technology sydney (uts),93
ruhr university bochum,ruhr-universit?t bochum,93
universidad autâ¨â®noma de nuevo leâ¨â®n (uanl),universidad autâ¨â®noma de nuevo leâ¨â®n,93
indian institute of technology roorkee,indian institute of technology roorkee (iitr),93
university of duisburg-essen,universit?t duisburg-essen,93
indian institute of technology hyderabad,indian institute of technology hyderabad (iith),93
the university of western australia,the university of western australia (uwa),93
national university of sciences and technology,national university of science and technology misis,93
manchester metropolitan university,manchester metropolitan university (mmu),93
palacky university olomouc,palack?university in olomouc,93
the british university in egypt,british university in egypt,93
"university of california, santa barbara","university of california, santa barbara (ucsb)",93
university of northern british columbia (unbc),university of northern british columbia,93
indian institute of technology guwahati,indian institute of technology guwahati (iitg),93
poznaâ¨â½ university of life sciences,poznan university of life sciences,93
the university of queensland,the university of queensland (uq),93
johannes gutenberg university of mainz,johannes gutenberg universitã¤t mainz,93
american university in cairo,the american university in cairo,93
university of northampton,the university of northampton,93
ulsan national institute of science and technology (unist),ulsan national institute of science and technology,93
technical university of berlin,technical university of lublin,93
"university of california, irvine","university of california, irvine (uci)",93
universitâ¨â¦ libre de bruxelles,universitâ¨â¦ libre de bruxelles (ulb),93
pontificia universidad catâ¨â®lica de chile,pontificia universidad catã³lica de chile,93
"university of california, davis","university of california, davis (ucd)",93
national university of sciences and technology,seoul national university of science and technology,93
universitâ¨â¦ catholique de louvain,universitâ¨â¦ catholique de louvain (ucl),93
â¨â¦cole normale supâ¨â¦rieure de lyon,ecole normale supâ¨â¦rieure de lyon,93
daffodil international university (diu),daffodil international university,93
rochester institute of technology,rochester institute of technology (rit),93
karlsruhe institute of technology,karlsruhe institute of technology (kit),93
american university of sharjah,american university of sharjah (aus),92
australian national university,australian national university (anu),92
the chinese university of hong kong,the chinese university of hong kong (cuhk),92
"university of california, los angeles","university of california, los angeles (ucla)",92
university of hong kong,the university of hong kong,92
universitâ¨â¦ libre de bruxelles,universite libre de bruxelles,92
indian institute of technology delhi,indian institute of technology delhi (iitd),92
university of nottingham,the university of nottingham,92
university of manchester,the university of manchester,92
university of illinois chicago,university of illinois chicago (uic),92
university of sheffield,the university of sheffield,92
university of adelaide,the university of adelaide,92
university of venda,university of vienna,92
university of edinburgh,the university of edinburgh,92
"university of california, san diego","university of california, san diego (ucsd)",92
university of melbourne,the university of melbourne,92
universiti malaysia sabah (ums),university of malaysia sabah (ums),92
indian institute of technology bombay,indian institute of technology bombay (iitb),92
new jersey institute of technology,new jersey institute of technology (njit),92
queenâ¡â¯s university,queen's university,92
universiti pendidikan sultan idris,universiti pendidikan sultan idris (upsi),92
universiti teknikal malaysia melaka,universiti teknikal malaysia melaka (utem),92
universidad cientâ¨âªfica del sur,universidad cientifica del sur,92
university of southern denmark,university of southern denmark (sdu),92
university of newcastle,the university of newcastle,92
nagoya institute of technology,nagoya institute of technology (nit),92
"university of california, santa cruz","university of california, santa cruz (ucsc)",92
university of south alabama,university of south alabama (usa),92
indian institute of technology madras,indian institute of technology madras (iitm),92
tomas bata university in zlâ¨âªn,tomas bata university in zlin,92
university of limerick,university of limerick (ul),92
universiti teknologi malaysia,universiti teknologi malaysia (utm),92
universiti teknologi petronas,universiti teknologi petronas (utp),92
indian institute of technology kanpur,indian institute of technology kanpur (iitk),92
universidad peruana cayetano heredia,universidad peruana cayetano heredia (upch),92
national university of sciences and technology,"national university of science and technology ""misis""",92
kyungpook national university (knu),kyungpook national university,92
tokyo medical and dental university (tmdu),tokyo medical and dental university,92
universiti brunei darussalam,university of brunei darussalam,92
robert gordon university,the robert gordon university,92
american university of beirut,american university of beirut (aub),92
lovely professional university,lovely professional university (lpu),92
universitâ¨â¦ de sherbrooke,universit?de sherbrooke,92
universiti brunei darussalam,universiti brunei darussalam (ubd),92
university of amsterdam,the university of amsterdam,92
university of auckland,the university of auckland,92
poznan university of technology,poznaâ¨â½ university of technology,92
universitâ¨â¤ della svizzera italiana,usi - universitâ¨â¤ della svizzera italiana,92
universiti kebangsaan malaysia,universiti kebangsaan malaysia (ukm),92
"city, university of london",city university london,92
"northeastern university, us",northeastern university,92
universiti brunei darussalam,university of brunei darussalam ,92
tokyo medical and dental university (tmdu),tokyo medical and dental university ,92
universiti utara malaysia,universiti utara malaysia (uum),91
university of arizona,the university of arizona,91
university of duisburg-essen,universitã¤t duisburg-essen,91
university of exeter,the university of exeter,91
london school of economics and political science,the london school of economics and political science (lse),91
king abdulaziz university,king abdulaziz university (kau),91
indian institute of technology kharagpur,indian institute of technology kharagpur (iitkgp),91
prince sultan university (psu),prince sultan university,91
university of south florida,university of south africa,91
gebze technical university,gebze technical university (gtu),91
ruhr university bochum,ruhr-universitã¤t bochum,91
the university of jordan,university of jordan,91
palacky university olomouc,palack? university in olomouc,91
southern university of science and technology (sustech),southern university of science and technology,91
taipei medical university,taipei medical university (tmu),91
university of rome ii â¨c tor vergata,"university of rome ""tor vergata""",91
seoul national university,seoul national university (snu),91
the university of alabama,university of alabama,91
the university of chicago,university of chicago,91
czech university of life sciences prague (czu),czech university of life sciences in prague,91
queen mary university of london,queen mary university of london (qmul),91
universiti putra malaysia,universiti putra malaysia (upm),91
"birla institute of technology and science, pilani",birla institute of technology and science,91
universiti sains malaysia,universiti sains malaysia (usm),91
university college dublin,university college dublin (ucd),91
centralesupâ¨â¦lec,centralesup?lec,91
university rey juan carlos,universidad rey juan carlos,91
university of hohenheim,universit?t hohenheim,91
university of warwick,the university of warwick,91
vsb - technical university of ostrava,technical university of ostrava,91
university of algarve,university of the algarve,91
universidad del desarrollo,universidad del desarrollo (udd),91
universidade federal de juiz de fora,universidade federal de juiz de fora- (ufjf),91
vrije universiteit brussel,vrije universiteit brussel (vub),91
university of regensburg,universit?t regensburg,91
national cheng kung university (ncku),national cheng kung university,91
university of stuttgart,universit?t stuttgart,91
university of west bohemia,university of south bohemia,91
university of illinois chicago,"university of illinois, chicago (uic)",91
university of innsbruck,universit?t innsbruck,91
university of lahore,the university of lahore,91
shahid beheshti university,shahid beheshti university (sbu),91
justus liebig university giessen,justus-liebig-universit?t gie?en,91
university of east anglia,university of east anglia (uea),91
â¨â¦cole des ponts paristech,ecole des ponts paristech,91
wroc?aw university of science and technology,wroclaw university of science and technology (wrust),91
university of georgia,the university of georgia,91
hong kong baptist university,hong kong baptist university (hkbu),90
umm al-qura university,umm al-qura university (uqu),90
university of hong kong,city university of hong kong,90
j?nk?ping university,link?ping university,90
seoul national university of science and technology (seoultech),seoul national university of science and technology,90
the university of tulsa,university of tulsa,90
indian institute of technology kharagpur,indian institute of technology kharagpur (iit-kgp),90
szent istvâ¨â¢n university,szent istvan university,90
free university of berlin,freie universit?t berlin,90
louisiana tech university,louisiana state university,90
trinity college dublin,trinity college dublin (tcd),90
university of konstanz,universit?t konstanz,90
tokyo metropolitan university,toronto metropolitan university,90
"university of maryland, baltimore county","university of maryland, baltimore",90
university of hong kong,university of hong kong (hku),90
indian institute of technology bhubaneswar,indian institute of technology bhubaneswar (iit bbs),90
university of hamburg,universit?t hamburg,90
vietnam national university (ho chi minh city),vietnam national university - ho chi minh city (vnu-hcm),90
university of st gallen,university of st.gallen (hsg),90
edith cowan university,edith cowan university (ecu),90
universidad andrâ¨â¦s bello (unab),universidad andrâ¨â¦s bello,90
mendeleev university of chemical technology,mendeleev university of chemical technology of russia,90
university college cork,university college cork (ucc),90
american international university â¨c bangladesh,american international university-bangladesh (aiub),90
dublin city university,dublin city university (dcu),90
university of mannheim,universit?t mannheim,90
university of bayreuth,universit?t bayreuth,90
universitas muhammadiyah surakarta,universitas muhammadiyah yogyakarta,90
queenâ¡â¯s university belfast,queen's university of belfast,90
university of freiburg,universit?t freiburg,90
university of potsdam,universit?t potsdam,90
"china university of geosciences, wuhan",china university of geosciences,90
university of south florida (tampa),university of south florida,89
national taiwan university of science and technology (taiwan tech),national taiwan university of science and technology,89
university of strasbourg,universit?de strasbourg,89
universiti teknologi mara,universiti teknologi malaysia,89
university of regensburg,universitã¤t regensburg,89
warsaw university of life sciences â¨c sggw,warsaw university of life sciences â¨c sggw (wuls-sggw),89
pontificia universidad catâ¨â®lica del ecuador,pontificia universidad catâ¨â®lica del perâ¨â²,89
university of bremen,universit?t bremen,89
university of c?te dâ¡â¯azur,universitâ¨â¦ c?te dâ¡â¯azur,89
nantes universitâ¨â¦,nantes university,89
tecnolâ¨â®gico de monterrey,tecnolâ¨â®gico de monterrey (itesm),89
university of massachusetts,university of massachusetts boston,89
â¨â¦cole normale supâ¨â¦rieure de lyon,ecole normale sup?rieure de lyon ,89
university of cyprus,university of cyprus (ucy),89
medical university of silesia in katowice,university of silesia in katowice,89
king fahd university of petroleum and minerals,king fahd university of petroleum & minerals (kfupm),89
university of siegen,universit?t siegen,89
imam mohammad ibn saud islamic university,imam mohammad ibn saud islamic university â¨c imsiu,89
national taiwan normal university,national taiwan ocean university,89
university of south australia,university of south australia (unisa),89
multimedia university,multimedia university (mmu),89
king saud university,king saud university (ksu),89
james cook university,james cook university (jcu),89
chung-ang university,chung-ang university (cau),89
the islamia university of bahawalpur,"the islamia university of bahawalpur,pakistan",89
university of zurich,university of zurich (uzh),89
university of innsbruck,universitã¤t innsbruck,89
pontificia universidad catâ¨â®lica del ecuador,pontificia universidad cat?lica del per?,89
symbiosis international university,symbiosis international (deemed university),89
university of stuttgart,universitã¤t stuttgart,89
izmir institute of technology,izmir institute of technology (iztech),88
universitâ¨â¦ libre de bruxelles,universit? libre de bruxelles (ulb),88
university of konstanz,universitã¤t konstanz,88
universiti teknologi mara,universiti teknologi mara - uitm,88
tallinn university of technology,tallinn university of technology (taltech),88
"birkbeck, university of london","birkbeck college, university of london",88
dokuz eylâ¨â¹l university,dokuz eylâ¨â¹l ?niversitesi,88
istanbul bilgi university,istanbul bilgi ?niversitesi,88
university of illinois chicago,university of illinois at chicago (uic),88
"nanyang technological university, singapore",nanyang technological university (ntu),88
pontificia universidad catâ¨â®lica de chile,pontificia universidad catâ¨â®lica del perâ¨â²,88
warsaw university of life sciences â¨c sggw,warsaw university of life sciences,88
university of fribourg,universit?de fribourg,88
california institute of technology,california institute of technology (caltech),88
universidade federal de s?o paulo (unifesp),universidade federal de s?o paulo,88
new york university,new york university (nyu),88
chinese university of hong kong,city university of hong kong,88
university of victoria,university of victoria (uvic),88
university of bordeaux,universit?de bordeaux,88
university of mannheim,universitã¤t mannheim,88
university of hamburg,universitã¤t hamburg,88
university of bayreuth,universitã¤t bayreuth,88
humboldt university of berlin,humboldt-universit?t zu berlin,88
sungkyunkwan university (skku),sungkyunkwan university,88
centralesupâ¨â¦lec,centralesupã©lec,88
universitâ¨â¦ de montrâ¨â¦al,universit? de montr?al ,88
free university of berlin,freie universitã¤t berlin,88
university of freiburg,universitã¤t freiburg,88
johannes kepler university of linz,johannes kepler universit?t linz (jku),87
university of bremen,universitã¤t bremen,87
national university of science and technology (misis),"national university of science and technology ""misis""",87
universitâ¨â¦ catholique de louvain,universit?catholique de louvain (ucl),87
kyushu institute of technology (kyutech),kyushu institute of technology ,87
management & science university (msu),management and science university,87
zhaw zurich university of applied sciences,zurich university of applied sciences (zhaw),87
kyushu institute of technology (kyutech),kyushu institute of technology,87
universitas padjadjaran,universitas padjadjaran (unpad),87
universitâ¨â¦ du quâ¨â¦bec,universit? du qu?bec,87
universiti kuala lumpur,universiti kuala lumpur (unikl),87
arizona state university (tempe),arizona state university,87
universiti malaysia perlis,universiti malaysia perlis (unimap),87
universidad autâ¨â®noma del estado de mexico (uaemex),universidad autâ¨â®noma del estado de mâ¨â¦xico,87
universitâ¨â¦ libre de bruxelles,universit?libre de bruxelles (ulb),86
universitâ¨â¦ grenoble alpes,universit? grenoble-alpes (uga) ,86
indian institute of technology indore,indian institute of technology indore (iit indore),86
university of lille,universit?de lille,86
moscow institute of physics and technology (mipt),moscow institute of physics and technology state university,86
"soochow university, china",soochow university (taiwan),86
chinese university of hong kong,the chinese university of hong kong (cuhk),86
technical university of darmstadt,technische universit?t darmstadt,86
university of pisa,universit?di pisa,86
pontificia universidad catâ¨â®lica del ecuador,pontificia universidad catâ¨â®lica de chile (uc),86
tokyo university of science,tokyo university of science (rikadai),86
johannes kepler university of linz,johannes kepler universitã¤t linz (jku),86
universitâ¨â¦ grenoble alpes,universit? grenoble-alpes (uga),86
university of bordeaux,universit? de bordeaux,86
university of oklahoma,university of central oklahoma,85
university of central punjab,university of the punjab,85
universiti tun hussein onn malaysia (uthm),universiti tun hussein onn university of malaysia (uthm),85
university of erlangen-nuremberg,universit?t erlangen-n?rnberg,85
universiti teknologi petronas,universiti teknologi petronas (petronas),85
bo?azi?i university,bo?azi?i ?niversitesi,85
"nanyang technological university, singapore","nanyang technological university, singapore (ntu singapore)",85
universitat autâ¨â°noma de barcelona (uab),universitat autã³noma de barcelona,85
university of minnesota,university of minnesota (system),85
technical university of darmstadt,technische universitã¤t darmstadt,85
"university of santiago, chile (usach)",universidad de santiago de chile (usach),85
